{
  "trained_at": "2025-06-02T10:43:35.792542",
  "metrics": {
    "accuracy": 0.8397849462365592,
    "classification_report": {
      "Lost": {
        "precision": 0.8290322580645161,
        "recall": 0.9228007181328546,
        "f1-score": 0.8734069668649108,
        "support": 557.0
      },
      "Won": {
        "precision": 0.8612903225806452,
        "recall": 0.7158176943699732,
        "f1-score": 0.7818448023426061,
        "support": 373.0
      },
      "accuracy": 0.8397849462365592,
      "macro avg": {
        "precision": 0.8451612903225807,
        "recall": 0.8193092062514139,
        "f1-score": 0.8276258846037585,
        "support": 930.0
      },
      "weighted avg": {
        "precision": 0.8419701699618453,
        "recall": 0.8397849462365592,
        "f1-score": 0.8366836471156425,
        "support": 930.0
      }
    }
  },
  "raw_numeric_cols": [
    "Deal Value"
  ],
  "raw_categorical_cols": [
    "Owner",
    "Linkedin",
    "Email",
    "Company",
    "Interested In",
    "Plan Type",
    "UTM Medium",
    "UTM LINK"
  ],
  "n_samples": 4650,
  "n_features": 9
}